Marca,Modelo,Titulo,category,listPrice,sku
Electrolux,LSI09,Lava e Seca Electrolux 9kg LSI09 - 11 Programas de Lavagem Água Quente,Lavadora de Roupas Lava e Seca,,084212000
,LSA102,Lava E Seca Midea Branca 10kg 220v,Lavadora de Roupas Lava e Seca,,717143600
,LSX122,Lava E Seca Midea Prata 12kg 220v,Lavadora de Roupas Lava e Seca,,717384700
,,"Lavadoura e Secadora de Roupas Samsung 10,2 Kg WD10 Ecobubble Prata 110V",Lavadora de Roupas Lava e Seca,,504497800
,,Lavadora e Secadora Samsung WD700 15 kg Inox 110V WD15H7300KP/AZ,Lavadora de Roupas Lava e Seca,,679323400
,,Lavadora de Roupas 4Kg Wanke Semi Automática Lis,Lavadora de Roupas Lava e Seca,,611406300
Samsung,WD106UHSAWQ,"Lava e Seca Samsung 10,1kg WD106UHSAWQ - 14 Programas de Lavagem Água Quente",Lavadora de Roupas Lava e Seca,,202972800
Samsung,WD10K6410OX/AZ,"Lava e Seca Samsung 10,2Kg AddWash   - WD10K6410OX/AZ 14 Programas de Lavagem",Lavadora de Roupas Lava e Seca,,219039400
Samsung,WD7000,Lava e Seca Samsung 15kg Inox WD7000 - 13 Programas de Lavagem,Lavadora de Roupas Lava e Seca,,213970200
,,"Lavadora e Secadora de Roupas Samsung 10,2 Kg WD10 Ecobuble Branca 220V",Lavadora de Roupas Lava e Seca,,543347200
,,Lava e Seca 15KG Top Load LSW15 - Electrolux,Lavadora de Roupas Lava e Seca,,765607900
,,Lava e Seca 14Kg LG Top Gun WD1014RDA7 Aço Escovado - Água Quente com 12 Programas de Lavagem 220V,Lavadora de Roupas Lava e Seca,,613302800
,,Lava e Seca Midea Acqua Branca 8 kg 220V  LSA082,Lavadora de Roupas Lava e Seca,,636556200
,,Lava e seca lg titan aço escovado 16 kg 220v - wd1316ada7 - Lg,Lavadora de Roupas Lava e Seca,,715042000
,,Lava e seca lg titan aço escovado 16 kg 110v - wd1316ad7 - Lg,Lavadora de Roupas Lava e Seca,,709242800
,,"Lava e seca lg prime touch led 8,5kg aço escovado 220v - wd1485ata7b",Lavadora de Roupas Lava e Seca,,667093300
,,"Lava e seca 8,5kg lg direct drive wd1485ata7b aço escovado - água quente com 14 programas de lavagem 220v",Lavadora de Roupas Lava e Seca,,600750600
,,Lava e seca 14kg lg top gun wd1014rwa branca - água quente com 12 programas de lavagem 220v - Lg,Lavadora de Roupas Lava e Seca,,603057400
,,"Lava e Seca Acqua Branca com Modo Eco Rápido 10,1 kg LSA10 - Midea",Lavadora de Roupas Lava e Seca,,619796400
,,"Lava e Seca 10,1Kg Acqua LSA10 Branca Midea",Lavadora de Roupas Lava e Seca,,638472500
,,Lavadora Special Lava e Seca Easy Dry 7kg Mueller Branco,Lavadora de Roupas Lava e Seca,,741184500
,,Lavadora Special Lava e Seca Easy Dry 7kg Mueller Branco,Lavadora de Roupas Lava e Seca,,768323500
,,Lavadora de Roupas Panasonic 16Kg NA-F160B5WA Econavi e Espuma Ativa Branca 220V,Lavadora de Roupas Lava e Seca,,635686700
,,Lavadora de Roupas Semi-Automática Colormaq 7Kg Branca,Lavadora de Roupas Lava e Seca,,682952600
,,Lavadora  Premium Lava E Seca 7 Kg Seca 4 Kg Special Mueller,Lavadora de Roupas Lava e Seca,,711987000
,,Lavadora Secadora De Roupa Popmatic 6Kg 550W 220V Branca Mueller,Lavadora de Roupas Lava e Seca,,703553500
,,"Lavadora de Roupas Automática 15KG, 5 Programas de Lavagem Colormaq - LCA15",Lavadora de Roupas Lava e Seca,,637469800
,,Lavadora Secadora De Roupa Vip 7Kg 350W 110V Branca Mueller,Lavadora de Roupas Lava e Seca,,716630900
,,Lavadora Secadora De Roupa Vip 7Kg 350W 220V Branca Mueller,Lavadora de Roupas Lava e Seca,,730271600
,,Lavadora Secadora De Roupa 7Kg 350W 110V Branca Mueller,Lavadora de Roupas Lava e Seca,,737656700
,,Lavadora Secadora De Roupa 7Kg 350W 220V Branca Mueller,Lavadora de Roupas Lava e Seca,,723303000
,,"Lava e Seca 10,2Kg LG Direct Drive WD1412RT7B Aço Escovado - Água Quente com 14 Programas de Lavagem 110V",Lavadora de Roupas Lava e Seca,,753667500
,,"Lava e Seca 8,5Kg LG Direct Drive WD1485AT7B Aço Escovado - Água Quente com 14 Programas de Lavagem 110V",Lavadora de Roupas Lava e Seca,,763950500
,,"Lava e Seca 10,2 kg Touch Led - WD1412RT - LG - Lg linha branca",Lavadora de Roupas Lava e Seca,,778772800
,,Lava e Seca Samsung WD6000J 220V 10.2Kg Branca,Lavadora de Roupas Lava e Seca,,706475800
,LSA082,Lava E Seca Midea Branca 8kg 220v,Lavadora de Roupas Lava e Seca,,716969800
,,Lava e Seca 11Kg LG Prime Touch 11Kg 127V Aço Escovado 14 Programas de Lavagem,Lavadora de Roupas Lava e Seca,,606036500
,,Lava e Seca 11Kg LG Prime Touch 11Kg 220V Aço Escovado 14 Programas de Lavagem,Lavadora de Roupas Lava e Seca,,624917600
,,Lava e Seca 11Kg LG Prime Touch 11Kg 127V Aco Escovado 14 Programas de Lavagem,Lavadora de Roupas Lava e Seca,,601575700
,,Lava e Seca 11Kg LG Prime Touch 11Kg 220V Aco Escovado 14 Programas de Lavagem,Lavadora de Roupas Lava e Seca,,620492600
,,Lavadora e Secadora de Roupas Samsung 10.2 Kg WD10 AddWash Inox 220V,Lavadora de Roupas Lava e Seca,,648132800
,,"Lava e Seca 10,2 kg Touch Led - WD1412RT - LG - Lg linha branca",Lavadora de Roupas Lava e Seca,,779102300
,,Lavadora de Roupas Tanquinho 6Kg Automático Colormaq LCM6,Lavadora de Roupas Lava e Seca,,615499500
,,"Lavadora e Secadora 10,2 Kg WD10J6410AX Samsung - Samsung l.branca",Lavadora de Roupas Lava e Seca,,675913900
,,Lavadora de Roupas 16kg Consul - CWL16AB,Lavadora de Roupas Lava e Seca,,585983500
,,Lava e Seca 9Kg Samsung Branca - Água Quente com 12 Programas de Lavagem 127V  WD90J6410AW,Lavadora de Roupas Lava e Seca,,792381200
,,Lava e Seca 12Kg Acqua LSX12 Prata Midea,Lavadora de Roupas Lava e Seca,,690581000
,,"Lavadora de Roupas Electrolux 8,5kg LAC09 Branca",Lavadora de Roupas Lava e Seca,,660660800
,,"Lavadora de Roupas Samsung  Lava e Seca Branca 10,2KG 127V",Lavadora de Roupas Lava e Seca,,646096900
,,"Lavadora de Roupas Samsung Lava e Seca 10,2kg Inox 220v WD4000",Lavadora de Roupas Lava e Seca,,573117900
,,"Lavadora e Secadora de Roupas Samsung 10,2 kg WD10J6410AX EcoBubble Inox Look",Lavadora de Roupas Lava e Seca,,620220500
,,Lavadora de Roupas Midea Lava  Seca Acqua 12kg Prata 220v LSX122,Lavadora de Roupas Lava e Seca,,641499000
,,"Lavadora e Secadora de Roupas Samsung 10,2 kg WD10J6410AX EcoBubble Inox Look 220V",Lavadora de Roupas Lava e Seca,,606709800
,,"Lavadora e Secadora de Roupas Samsung 10,2 Kg WD10 Ecobuble Branca",Lavadora de Roupas Lava e Seca,,647910500
,,Lavadora e Secadora de Roupas Panasonic 12 Kg NA-S128F2WBZ Inverter Branca,Lavadora de Roupas Lava e Seca,,627913800
,,Lavadora 10kg Desligamento Automático Lavamax Eco Suggar 220V Branco,Lavadora de Roupas Lava e Seca,,533266600
,,"Lavadora de Roupas Samsung 10,1 Kg WF106U4SAWQ/AZ EcoBubble Branca",Lavadora de Roupas Lava e Seca,,610867900
,,Lavadora de Roupas Colormaq 15 Kg LCA15 Branca,Lavadora de Roupas Lava e Seca,,667959200
,,"Lavadora e Secadora de Roupas Samsung 8,5 Kg WD85M Ecobuble Branca",Lavadora de Roupas Lava e Seca,,691913700
,,"Lavadora de Roupas Lava e Seca Inox Look 10,2KG 220V - Samsung",Lavadora de Roupas Lava e Seca,,547019200
,,Lavadora/Secadora AddWash 10.2Kg branca - Samsung,Lavadora de Roupas Lava e Seca,,504984600
,,Lavadora de Roupas Electrolux LTD13 13kg Classe A,Lavadora de Roupas Lava e Seca,,584200100
,,Lavadora de Roupas Semi-Automática Coloramq 15Kg  LCM15 Azul - Colormaq,Lavadora de Roupas Lava e Seca,,641591100
,,Lavadora de Roupas Brastemp 15 kg Double Wash Grafite110V BWD15A9ANA,Lavadora de Roupas Lava e Seca,,667226700
,,"Lava e Seca 10,2Kg LG Direct Drive WD1412RTA7B Aço Escovado - Água Quente com 14 Programas de Lavagem 220V",Lavadora de Roupas Lava e Seca,,696929600
,,"Lava e Seca LG Prime Touch LED 10,2Kg Aço Escovado 220V - WD1412RTA7B",Lavadora de Roupas Lava e Seca,,660510400
,,Lavadora de Roupas Electrolux Automática 17kg Branca 220v LAI17,Lavadora de Roupas Lava e Seca,,631860400
,,"Lavadora e Secadora Samsung WD6000 10,2Kg Inox 110V WD10J6410AX/AZ",Lavadora de Roupas Lava e Seca,,653395700
,,"Lavadora e Secadora de Roupas Samsung 10,2 kg WD10J6410AW EcoBubble Branca",Lavadora de Roupas Lava e Seca,,642665500
,,"Lava e Seca 8,5Kg LG Direct Drive WD1485ATAB - Água Quente com 14 Programas de Lavagem Branca 220V",Lavadora de Roupas Lava e Seca,,661600300
,,Lavadora de Roupa 15kg Brastemp 2 Cestos BWD15AB,Lavadora de Roupas Lava e Seca,,662369000
,,"Lava e Seca 8,5Kg LG Direct Drive WD1485ATB - Água Quente com 14 Programas de Lavagem Branca 110V",Lavadora de Roupas Lava e Seca,,637930200
,LSE12,Lavadora e Secadora Eco Vapor 12Kg (LSE12) - Electrolux,Lavadora de Roupas Lava e Seca,,715847400
,,Lavadora de Roupa 10Kg New Up - Newmaq,Lavadora de Roupas Lava e Seca,,670285800
,,Lavadora de Roupas Electrolux Automática 17kg Branca 127v LAI17,Lavadora de Roupas Lava e Seca,,662016900
,,"Lava e Seca Midea Acqua Branca 10,1 kg 110V  LSA101",Lavadora de Roupas Lava e Seca,,619136900
,,"Lava e Seca Midea Acqua Branca 10,1 kg 220V  LSA102",Lavadora de Roupas Lava e Seca,,687868400
,,Lava e Seca LG Prime Aço Escovado 11 Kg 110V  WD11EP6,Lavadora de Roupas Lava e Seca,,611056000
,,Lava e Seca LG Prime Aço Escovado 11 Kg 220V  WD11EP6A,Lavadora de Roupas Lava e Seca,,639574700
,,Lava e Seca Midea Acqua Prata 12 kg 220V  LSX122,Lavadora de Roupas Lava e Seca,,675311900
,,"Lava e Seca LG Prime Big Door Aço Escovado 10,2 kg 110V  WD1412RT7B",Lavadora de Roupas Lava e Seca,,701699200
,,"Lava e Seca LG Prime Big Door Branca 8,5 kg  220V  WD1485ATAB",Lavadora de Roupas Lava e Seca,,714606700
,,Lava e Seca LG Top Gun Aço Escovado 14 kg 110V  WD1014RD7,Lavadora de Roupas Lava e Seca,,722719500
,,Lava e Seca LG Top Gun Aço Escovado 14 kg 220V  WD1014RDA7,Lavadora de Roupas Lava e Seca,,738249400
,,"Lava e Seca LG Mega Touch Branca 8,5 kg 220V  WD9WE6A",Lavadora de Roupas Lava e Seca,,702937800
,,"Lava e Seca LG Prime Big Door Branca 8,5 kg  110V  WD1485ATB",Lavadora de Roupas Lava e Seca,,729272200
Panasonic,NA-S107F2W,"Lava e Seca Panasonic 10,1kg NA-S107F2W - 13 Programas de Lavagem Água Quente",Lavadora de Roupas Lava e Seca,,219059400
LG,Direct Drive,"Lava e Seca LG 10,2Kg Direct Drive WD1412RTB - 14 Programas de Lavagem Água Quente",Lavadora de Roupas Lava e Seca,,214410900
,,Lavadora E Secadora Ecobubble 10.2Kg Branca - Samsung,Lavadora de Roupas Lava e Seca,,539187300
LG,Top Gun,Lava e Seca LG 14kg Top Gun WD1014RD7 - 12 Programas de Lavagem Água Quente,Lavadora de Roupas Lava e Seca,,215562800
Samsung,WD90J,Lava e Seca 9Kg Samsung WD6000 WD90J6410AW - 13 Programas de Lavagem,Lavadora de Roupas Lava e Seca,,010539600
,,Lavadora E Secadora Wd6000J 10.2Kg Branca - Samsung,Lavadora de Roupas Lava e Seca,,599689600
Brastemp,BRM58AB,Geladeira/Refrigerador Brastemp Frost Free Duplex  - 500L BRM58AB Branco,Geladeira/Refrigerador Frost Free,,218178700
Samsung,RF56K9040SR/AZ,Geladeira/Refrigerador Samsung Frost Free Inox - French Door 564L RF56K9040SR/AZ,Geladeira/ Refrigerador Inox,,218037800
,,Refrigerador Brastemp Duplex Inox 462 Litros 110V BRM56AK,Geladeira/Refrigerador,,584447600
Electrolux,SS72X,Geladeira/Refrigerador Electrolux Frost Free - Side by Side 504L Dispenser de Água SS72X Titanium,Geladeira/Refrigerador Frost Free,,010068100
Electrolux,RV80,"Frigobar Electrolux 78,8L Preto com Porta de Vidro - RV80",Frigobar,,211487400
Electrolux,RFE39,Geladeira/Refrigerador Electrolux Frost Free 323L - Painel Touch RFE3911006 Branco,Geladeira/Refrigerador Frost Free,,013072201
,,Geladeira/Refrigerador Esmaltec 2 Portas Cycle Defrost RCD34 276 Litros Branco,Geladeira/Refrigerador,,631052100
Samsung,RF28HDEDBSR/AZ,Geladeira/Refrigerador Samsung Frost Free Inox - French Door 665L Dispenser de Água RF28HDEDBSR/AZ,Geladeira/ Refrigerador Inox,,218037700
Electrolux,DF52,Geladeira/Refrigerador Electrolux Frost Free - Duplex 459L Painel Touch DF52 Branco,Geladeira/Refrigerador Frost Free,,013071401
Electrolux,DC44,Geladeira/Refrigerador Electrolux Cycle Defrost - Duplex 362L DC44 Branco,Geladeira/Refrigerador,,088806100
Esmaltec,RCD34,Geladeira/Refrigerador Esmaltec Cycle Defrost - Duplex 276L RCD34 Branco,Geladeira/Refrigerador,,013018401
Brastemp,,Geladeira Brastemp Ative! Inverse Frost Free 422 L,Geladeira/Refrigerador,,926730500
,,Refrigerador Electrolux Cycle Defrost 262L 127V Porta Branco,Geladeira/Refrigerador,,670565100
,,Geladeira/Refrigerador Electrolux Frost Free 2 Portas DF53X 427 Litros Inox,Geladeira/Refrigerador,,688895600
,,Mini Geladeira para Automóvel 24 Litros 12V BDC24L-LA Black Decker,Geladeira/Refrigerador,,695147300
,,Refrigerador Elux Db83X 127V Electrolux,Geladeira/Refrigerador,,743152700
,,Frigobar 76 Litros Cycle Defrost Retro Brastemp BRA08AE - Brastemp,Frigobar,,743084300
,,Refrigerador Samsung Multiportas Frost Free Inox 614 Litros 110V RFG28MESL1/XAZ,Geladeira/Refrigerador,,600166300
,2 Portas,Refrigerador 2 Portas 386L Frost Free CRM43HK Consul,Geladeira/Refrigerador,,752722100
,2 Portas,Refrigerador 275 Litros Frost Free Consul CRM35HB,Geladeira/Refrigerador,,744852800
,2 Portas,Refrigerador 2 Portas 352L Frost Free BRM39EK Brastemp,Geladeira/Refrigerador,,755713200
,2 Portas,Refrigerador 2 Portas 380L Frost Free Electrolux DW42X,Geladeira/Refrigerador,,775535100
,2 Portas,Refrigerador 2 Portas Frost Free 459L DF52 Electrolux,Geladeira/Refrigerador,,750168400
,,Frigobar Brastemp 120 Litros Porta Vidro Cinza 110V BZA12AFANA,Frigobar,,856745700
,,Frigobar NGV 10 Preto 220V - Venax - Venax,Frigobar,,928721800
,,Cervejeira Venax EXPM100 220V com Adesivo de Taça - Venax,Frigobar,,924052800
,,Vitrine Expositora de Bebidas Venax 110V - Venax,Geladeira/Refrigerador,,901144500
,,Frigobar Cadence Gourmet 59187 220V - Cadence,Frigobar,,915275800
,,Refrigerador Compacto Eletromecânico Consul 80L 110V,Geladeira/Refrigerador,,744899600
,,Freezer Horizontal 519 Litros Consul CHB53C,Geladeira/Refrigerador,,748158500
,2 Portas,Refrigerador 2 Portas 427L Frost Free Electrolux DF51X,Geladeira/Refrigerador,,765220200
,,Refrigerador 2 Portas 598L Frost Free DB83 Electrolux,Geladeira/Refrigerador,,757919800
,2 Portas,Refrigerador 2 Portas 553L Frost Free DF80 Electrolux,Geladeira/Refrigerador,,754879500
Brastemp,Viva!,Geladeira/Refrigerador Brastemp Frost Free Inox - Inverse 422L Viva! BRE51NKANA,Geladeira/ Refrigerador Inox,,215131100
,,Mini Geladeira BlackDecker 24L 12V de Viagem - Black  Decker,Frigobar,,775124700
,,Geladeira/Refrigerador Electrolux Frost Free 2 Portas DFN42 370 Litros Branco 220V,Geladeira/Refrigerador,,662377400
,,Mini Geladeira Transparente 15L - Mobicool - Mobicool,Frigobar,,917534900
,,Mini Geladeira Portátil Multilaser TV004 110V 4L - Multilaser,Frigobar,,853107100
,,Mini Geladeira Portátil Multilaser TV005 220V 4L - Multilaser,Frigobar,,854072200
,,Cervejeira Venax 1 Porta 220V Adesivado Cerveja - Venax - Venax,Frigobar,,917065000
Brastemp,Viva!,Geladeira/Refrigerador Brastemp Frost Free Inox - Inverse 422L Viva! BRE51NKANA,Geladeira/ Refrigerador Inox,,215131100
,,Geladeira Portátil Resfriar 31L,Geladeira/Refrigerador,,771374900
,,Geladeira/Refrigerador Esmaltec 1 Porta Cycle Defrost ROC 31 245 Litros Branco,Geladeira/Refrigerador,,636067400
,,Geladeira/Refrigerador Panasonic Frost Free 2 Portas NR BT47BD2XA 435 Litros Aço Escovado,Geladeira/Refrigerador,,680863100
,,Geladeira/Refrigerador Esmaltec 2 Portas Cycle Defrost RCD34 276 Litros Preto,Geladeira/Refrigerador,,617928400
,,Geladeira/Refrigerador Esmaltec 2 Portas Cycle Defrost RCD38 306 Litros Branco,Geladeira/Refrigerador,,632761800
,,Geladeira/Refrigerador Electrolux Frost Free 2 Portas DFN39 310 Litros Branco,Geladeira/Refrigerador,,668264000
,RE35,Refrigerador Degelo Prático  240L Branco (RE35) - Electrolux,Geladeira/Refrigerador,,731687400
,,Expositor/Refrigerador Vertical Porta de Vidro para Bebidas 350 Litros VB40RE com Controlador Eletrônico - Metalfrio,Geladeira/Refrigerador,,632384200
,,Geladeira/Refrigerador Electrolux 2 Portas Cycle Defrost DC44 362 Litros Branco 220v,Geladeira/Refrigerador,,673271700
,,Mini Geladeira Branca 04L 110V TV010 Multilaser,Frigobar,,751061900
,,Refrigerador Electrolux 1 Porta 240L Cycle Defrost 127V - RE31,Geladeira/Refrigerador,,513541600
,,Refrigerador Electrolux 2 Portas 362 Litros Branco Cycle Defrost 127v,Geladeira/Refrigerador,,525810800
,,Refrigerador Elux Db52X 127V Electrolux,Geladeira/Refrigerador,,754150600
,,Refrigerador Elux Df52X 127V Electrolux,Geladeira/Refrigerador,,756553700
,,Refrigerador Consul 275 Litros 2 Portas Frost Free com Bandeja Deslizante CRM35,Geladeira/Refrigerador,,653901900
,,Refrigerador French Door 614L Inox Look - Samsung,Geladeira/Refrigerador,,586514100
,,Refrigerador Samsung RT6000K Twin Cooling Duplex 453 litros Frost Free Inox 110V RT46K6361SL/AZ,Geladeira/Refrigerador,,679096600
,,Geladeira/Refrigerador Samsung Frost Free 2 Portas RT46K6341WW Twin Cooling Plus 453 Litros Branco,Geladeira/Refrigerador,,594076700
,,Refrigerador Brastemp Side By Side Inverse 540 Litros Iluminação em LED BRO80,Geladeira/Refrigerador,,627466900
,,Refrigerador Consul 386L Frost Free Classe A - CRM43,Geladeira/Refrigerador,,688706400
,,Frigobar Cuisinart 178 Litros Inox/Preto 220V 4092810001,Frigobar,,852916400
,,Refrigerador Brastemp Duplex Frost Free Branco 400L BRM54HB - 127V,Geladeira/Refrigerador,,539057800
,,Refrigerador Electrolux 3 Portas Frost Free 579 Litros DM84X,Geladeira/Refrigerador,,636002300
,,Geladeira Refrigerador Electrolux 433 Litros Frost Free 2 Portas TF51,Geladeira/Refrigerador,,697681900
,,Geladeira Refrigerador Electrolux 370 Litros Frost Free DFX42,Geladeira/Refrigerador,,683951900
,,Refrigerador Electrolux 2 Portas 380 Litros Inox Frost Free 127v,Geladeira/Refrigerador,,503680600
,,Geladeira/Refrigerador 2 Portas Frost Free NR-BB53PV3WA 425 Litros Branco - Panasonic,Geladeira/Refrigerador,,687954600
,Multi-portas,Geladeira Samsung French Door 3 Portas 441 Litros Inox 110V RF62HERS1/AZ,Geladeira/Refrigerador,,776019500
,,Geladeira/Refrigerador Panasonic 2 Portas Frost Free NR-BB53GV3B 425 Litros Preto,Geladeira/Refrigerador,,631181300
,,Geladeira/Refrigerador Panasonic Frost Free 2 Portas NR BT40BD1 387 Litros Aço Escovado,Geladeira/Refrigerador,,612993400
,,Geladeira/Refrigerador Samsung Frost Free 2 Portas RL4353JBASL/AZ 435 Litros Inox,Geladeira/Refrigerador,,643238700
,,Refrigerador 1 Porta Consul Facilite Frost Free Branco 342L 110V CRB39ABANA,Geladeira/Refrigerador,,657500900
,,Geladeira/Refrigerador Samsung Frost Free 2 Portas RT46K6361SL Twin Cooling Plus 453 Litros Inox,Geladeira/Refrigerador,,611257300
,,Refrigerador Consul 405 Litros Fost Free 2 Portas Painel Touchscreen CRM51,Geladeira/Refrigerador,,601447000
,,Geladeira/Refrigerador Electrolux 2 Portas Cycle Defrost DC44 362 Litros Branco,Geladeira/Refrigerador,,639778500
,,Refrigerador Expositor para Bebidas Metalfrio com Controlador Eletrônico 572 Litros VB52R 110V,Geladeira/Refrigerador,,678432400
,,Refrigerador Expositor para Bebidas Metalfrio com Controlador Eletrônico 572 Litros VB52R 220V,Geladeira/Refrigerador,,615254900
,2 Portas,Refrigerador 443L Side Inverse Brastemp BRE57 Frost Free,Geladeira/Refrigerador,,661504900
,,Geladeira/Refrigerador Consul Frost Free 2 Portas CRM43NB 386 Litros Branco 220V,Geladeira/Refrigerador,,654356400
,,Expositor/Refrigerador Vertical Porta de Vidro VB28R 296 Litros Branco - Metalfrio,Geladeira/Refrigerador,,719236900
,,Geladeira/Refrigerador Samsung Frost Free 2 Portas RL4353JBASL/AZ 435 Litros Inox 220V,Geladeira/Refrigerador,,619395400
,,Geladeira/Refrigerador Samsung 4 Portas RF56K9040SR/AZ 564 Litros Inox 110V,Geladeira/Refrigerador,,636880700
,,Frigobar Brastemp Retrô 76 Litros Preto 110V BRA08AEANA,Frigobar,,858368800
,,Refrigerador Geladeira 1 Porta Facilite 342L 220v Evox FF - Consul,Geladeira/Refrigerador,,660394700
,,Geladeira/Refrigerador Panasonic Frost Free 2 Portas NR BT42BV1 387 Litros Tecnologia Inverter Aço Escovado,Geladeira/Refrigerador,,616977500
,,Geladeira/Refrigerador Electrolux 2 Portas Cycle Defrost DC35A 260 Litros Branco,Geladeira/Refrigerador,,607078700
,,Geladeira-Refrigerador Electrolux 323 Litros RFE39 Frost Free 1 Porta-110V,Geladeira/Refrigerador,,644007600
,,Geladeira/Refrigerador Electrolux Frost Free 2 Portas DF53 427 Litros Branco,Geladeira/Refrigerador,,683074400
,,Refrigerador Esmaltec 110V 1 Porta - Branco,Geladeira/Refrigerador,,604275300
,,Refrigerador Brastemp Duplex Frost Free Branco 500L BRM58AB - 127V,Geladeira/Refrigerador,,633529600
,,Refrigerador Consul Duplex Bem Estar  Frost Free Evox Platinum 405L 220V CRM51AKBNA,Geladeira/Refrigerador,,693696900
,,Refrigerador Consul 2 Portas 450 litros Branco Cycle Defrost 127v,Geladeira/Refrigerador,,616022600
,,Refrigerador Consul Facilite 1 Porta 342 Litros Branco Frost Free 127v,Geladeira/Refrigerador,,602579200
Brastemp,BRE59AE,Geladeira/Refrigerador Brastemp Frost Free Inverse - 460L BRE59AE Preto,Geladeira/Refrigerador Frost Free,,218179900
Samsung,Twin Cooling Plus RT5000K,Geladeira/Refrigerador Samsung Frost Free Inox - Duplex 384L Twin Cooling Plus RT5000K,Geladeira/ Refrigerador Inox,,216506000
Panasonic,NR-BT49PV2WA,Geladeira/Refrigerador Panasonic Frost Free Duplex - 435L re Generation NR-BT49PV2WA Branco,Geladeira/Refrigerador Frost Free,,212875900
Samsung,RT46H5351SL/AZ,Geladeira/Refrigerador Samsung Frost Free Inox - Duplex 458L RT46H5351SL/AZ,Geladeira/ Refrigerador Inox,,212467400
Philco,PH85,Frigobar Philco 70L Branco - PH85,Frigobar,,201094600
Electrolux,DC51,Geladeira/Refrigerador Electrolux Cycle Defrost - Duplex 475L DC51 Branco,Geladeira/Refrigerador,,201087900
Brastemp,BZA12AF,Frigobar Brastemp 120L Preta e Branca - com Porta de Vidro BZA12AF,Frigobar,,200197900
Midea,MRC10B1,Frigobar Midea 93L Branco  - MRC10B1,Frigobar,,219025500
Samsung,Twin Cooling Plus RT5000K,Geladeira/Refrigerador Samsung Frost Free Inox  - Duplex 384L Twin Cooling Plus RT5000K,Geladeira/Refrigerador,,213146700
Brastemp,BRC12XK,Frigobar Brastemp 117L Cinza Escuro - BRC12XK,Frigobar,,220277800
,,Refrigerador Expositor para Bebidas Metalfrio com Controlador Eletrônico 406 Litros VB40RE 110V - 110v 110v,Geladeira/Refrigerador,,671444200
,,Geladeira/Refrigerador Electrolux Frost Free 2 Portas DFN41 371 Litros Branco 110V,Geladeira/Refrigerador,,607497100
Consul,CRM51A,Geladeira/Refrigerador Consul Frost Free Duplex - 405L Painel Digital Touch CRM51ABANA Branco,Geladeira/Refrigerador Frost Free,,088879400
Panasonic,NR-BT47BD2WA,Geladeira/Refrigerador Panasonic Frost Free Duplex - 435L regeneration NR-BT47BD2WA Branco,Geladeira/Refrigerador Frost Free,,084267200
Consul,CRM38NB,Geladeira/Refrigerador Consul Frost Free Duplex  - 340L CRM38NB Branco,Geladeira/Refrigerador Frost Free,,013072401
Consul,CRD49AK,Geladeira/Refrigerador Consul Cycle Defrost Evox - Duplex 450L CRD49AKANA,Geladeira/Refrigerador,,013010400
Brastemp,BRM50NK,Geladeira/Refrigerador Brastemp Frost Free Evox - Duplex 429L Ative! BRM50NKANA,Geladeira/Refrigerador,,013021000
Consul,CRD46AB,Geladeira/Refrigerador Consul Cycle Defrost Duplex - 415L CRD46ABANA,Geladeira/Refrigerador,,013020801
,,Geladeira Refrigerador Electrolux 310 Litros Frost Free 2 Portas DFX39,Geladeira/Refrigerador,,618402800
Brastemp,BRM42EK,Geladeira/Refrigerador Brastemp Frost Free Evox - Duplex 378L Clean BRM42EKANA,Geladeira/Refrigerador,,086799300
Electrolux,DF35A,Geladeira/Refrigerador Electrolux Frost Free - Duplex 261L DF35A11006 Branco,Geladeira/Refrigerador Frost Free,,088806300
BenMax,BMDB,Chopeira BenMax com Função Frigobar - BMDB,Frigobar,,084260200
Panasonic,NR-BT42BV1WA,Geladeira/Refrigerador Panasonic Frost Free Duplex - 387L re generation NR-BT42BV1WA Branco,Geladeira/Refrigerador Frost Free,,013040501
Brastemp,BRM50NB,Geladeira/Refrigerador Brastemp Frost Free Duplex - 429L Ative! BRM50NBANA Branco,Geladeira/Refrigerador Frost Free,,010066201
Consul,CRA30,Geladeira/Refrigerador Consul Degelo Seco 261L - CRA30FBANA Branco,Geladeira/Refrigerador,,010053401
Brastemp,BRE50NK,Geladeira/Refrigerador Brastemp Frost Free Evox - Inverse 422L Ative! BRE50NKANA,Geladeira/Refrigerador,,013021400
Consul,CRM35NK,Geladeira/Refrigerador Consul Frost Free Evox - Duplex 275L CRM35NKANA,Geladeira/Refrigerador,,013015200
Panasonic,NR-BT40BD1X,Geladeira/Refrigerador Panasonic Frost Free Inox - Duplex 387L re generation NR-BT40BD1X,Geladeira/Refrigerador,,013000400
Consul,CRM35NB,Geladeira/Refrigerador Consul Frost Free - Freezer Duplex 275L CRM35NBANA,Geladeira/Refrigerador,,013015001
Consul,CRM38NK,Geladeira/Refrigerador Consul Frost Free Evox - Duplex 340L CRM38NKANA,Geladeira/Refrigerador,,013000600
Electrolux,DF35X,Geladeira/Refrigerador Electrolux Frost Free Inox - Duplex 261L DF35X,Geladeira/ Refrigerador Inox,,010059900
Brastemp,BRM50NB,Geladeira/Refrigerador Brastemp Frost Free Duplex - 429L Ative! BRM50NBANA Branco,Geladeira/Refrigerador Frost Free,,010066201
LG,Prime Touch,Lava e Seca LG 11kg Smart Care Prime Touch  - 14 Programas de Lavagem Água Quente,Lavadora de Roupas Lava e Seca," 2.999,00",010541701
Samsung,WD6000,"Lava e Seca Samsung 10,2kg Inox WD6000 - 13 Programas de Lavagem",Lavadora de Roupas Lava e Seca," 3.959,00",215900400
Samsung,WD4000,"Lava e Seca Samsung 10,2kg Prata WD4000 - 12 Programas de Lavagem Água Quente",Lavadora de Roupas Lava e Seca," 3.339,00",219008900
Samsung,WD4000,"Lava e Seca Samsung 10,2kg WD4000 - 12 Programas de Lavagem Água Quente",Lavadora de Roupas Lava e Seca," 3.199,00",219008700
LG,Prime Touch,Lava e Seca LG 11kg Smart Care Prime Touch  - 14 Programas de Lavagem Água Quente,Lavadora de Roupas Lava e Seca," 3.599,00",010541600
Midea,Acqua,Lava e Seca Midea 12Kg Prata Acqua - 16 Programas de Lavagem Água Quente,Lavadora de Roupas Lava e Seca," 3.699,00",219056600
LG,Mega Touch,"Lava e Seca LG 8,5kg Mega Touch - 9 Programas de Lavagem Água Quente",Lavadora de Roupas Lava e Seca," 2.699,00",217304200
Samsung,WD10J,Lava e Seca 10Kg Samsung WD10J - Água Quente 13 Programas de Lavagem,Lavadora de Roupas Lava e Seca," 3.999,00",010541400
Samsung,WD4000,"Lava e Seca Samsung 8,5kg WD4000 - 12 Programas de Lavagem",Lavadora de Roupas Lava e Seca," 3.499,00",219008500
LG,Top Gun,Lava e Seca LG 14kg Top Gun - 12 Programas de Lavagem,Lavadora de Roupas Lava e Seca," 6.299,00",215562500
LG,TWINWash,Lava e Seca LG 17Kg TWINWash  - 14 Programas de Lavagem,Lavadora de Roupas Lava e Seca," 18.998,00",218181400
LG,Top Gun,Lava e Seca LG 14kg Top Gun - 12 Programas de Lavagem,Lavadora de Roupas Lava e Seca," 5.999,00",215562700
LG,Direct Drive,"Lava e Seca LG 8,5Kg Direct Drive - 14 Programas de Lavagem Água Quente",Lavadora de Roupas Lava e Seca," 3.299,00",214410500
Panasonic,NA-S107F2W,Lava e Seca Panasonic 12kg NA-S128F2WBZ - 13 Programas de Lavagem Água Quente,Lavadora de Roupas Lava e Seca," 3.599,00",219059200
Samsung,WD6000,Lava e Seca Samsung 9kg Inox WD6000 - WD90J6410AX 13 Programas de Lavagem,Lavadora de Roupas Lava e Seca," 3.899,00",215900600
LG,TWINWash,Lava e Seca LG 17Kg TWINWash 14 Programas - de Lavagem + Lavadora de Roupas WD100CV.ASSG,Lavadora de Roupas Lava e Seca," 26.596,00",229014500
LG,Direct Drive,"Lava e Seca LG 8,5Kg Direct Drive - 14 Programas de Lavagem Água Quente",Lavadora de Roupas Lava e Seca," 3.299,00",214410600
Consul,CRM55A,Geladeira/Refrigerador Consul Frost Free Duplex - 437L Bem Estar CRM55ABANA Branco,Geladeira/Refrigerador Frost Free," 2.699,00",088894200
Consul,CRM43NB,Geladeira/Refrigerador Consul Frost Free Duplex - 386L CRM43NBANA Branco,Geladeira/Refrigerador Frost Free," 2.099,00",013075001
Consul,CRD37EB,Geladeira/Refrigerador Consul Cycle Defrost - Duplex 334L CRD37EBANA Branco,Geladeira/Refrigerador," 1.599,00",202957200
Consul,CRM43NK,Geladeira/Refrigerador Consul Frost Free Evox - Duplex 386L CRM43NKBNA,Geladeira/Refrigerador," 2.499,00",013000100
Electrolux,TF52,Geladeira/Refrigerador Electrolux Frost Free  - Duplex 463L Painel Blue Touch TF52 Branco,Geladeira/Refrigerador Frost Free," 3.999,00",218039300
Electrolux,DW42X,Geladeira/Refrigerador Electrolux Frost Free Inox - Duplex 380L Painel Touch DW42X22089,Geladeira/ Refrigerador Inox," 2.499,00",010059300
Consul,CRB36,Geladeira Consul Frost Free 300L - Facilite CRB36ABANA Branco,Geladeira/Refrigerador Frost Free," 1.449,00",010038101
Brastemp,BRE57,Geladeira/Refrigerador Brastemp Frost Free Inverse - 443L BRE57AKANA Evox,Geladeira/Refrigerador Frost Free," 4.499,00",013082100
Consul,CRM54BB,Geladeira/Refrigerador Consul Frost Free Duplex - 441L Bem Estar CRM54BBANA Branco,Geladeira/Refrigerador Frost Free," 2.599,00",013011801
Brastemp,BRE57,Geladeira/Refrigerador Brastemp Frost Free Inverse - 443L Painel Touch BRE57ABANA Branco,Geladeira/Refrigerador Frost Free," 3.999,90",013081601
Electrolux,DFX41,Geladeira/Refrigerador Electrolux Frost Free Inox  - Duplex 371L DFX41,Geladeira/ Refrigerador Inox," 2.899,90",013080900
Electrolux,DF42X,Geladeira/Refrigerador Electrolux Frost Free Inox - Duplex 382L DF42X,Geladeira/ Refrigerador Inox," 3.299,90",013099900
Brastemp,BRM54HB,Geladeira/Refrigerador Brastemp Frost Free   - Duplex 400L BRM54HBANA Branco,Geladeira/Refrigerador Frost Free," 3.699,00",013081401
Electrolux,DF42,Geladeira/Refrigerador Electrolux Frost Free - Duplex 382L DF42 Branco,Geladeira/Refrigerador Frost Free," 2.190,00",010059701
Electrolux,RE31,Geladeira/Refrigerador Electrolux 240L RE31 - Branco,Geladeira/Refrigerador," 1.599,00",013070001
Panasonic,NR-BT40BD1W,Geladeira/Refrigerador Panasonic Frost Free  - Duplex 387L re generation NR-BT40BD1W Branco,Geladeira/Refrigerador," 2.199,00",013040201
Brastemp,BRM56,Geladeira/Refrigerador Brastemp Frost Free Inox - Duplex 462L Painel Touch BRM56AKBNA,Geladeira/ Refrigerador Inox," 4.599,90",013082900
Consul,CRC08,Frigobar Consul 76L Branco - CRC08,Frigobar," 1.199,00",013020401
Electrolux,DFN41,Geladeira/Refrigerador Electrolux Frost Free   - Duplex 371L DFN41 Branca,Geladeira/Refrigerador Frost Free," 2.299,90",013080601
Brastemp,BRO80,"Geladeira Brastemp Frost Free Evox - Inverse 540,6L Ative! BRO80AK",Geladeira/Refrigerador," 5.319,00",084246700
Consul,CRM54BK,Geladeira/Refrigerador Consul Frost Free Duplex  - 441L CRM54BK Evox,Geladeira/Refrigerador Frost Free," 2.549,00",013081100
Brastemp,BRM56AB,Geladeira/Refrigerador Brastemp Frost Free Duplex  - 462L BRM56ABANA Branca,Geladeira/Refrigerador Frost Free," 3.699,00",013082201
Electrolux,Multidoor,Geladeira/Refrigerador Electrolux Frost Free Inox  - French Door 579L Multidoor DM84X,Geladeira/ Refrigerador Inox," 6.199,00",013081201
Electrolux,TF52X,Geladeira/Refrigerador Electrolux Frost Free Inox - Duplex 463L Painel Blue Touch TF52X,Geladeira/ Refrigerador Inox," 3.999,00",218039600
Brastemp,Inverse Maxi,Geladeira/Refrigerador Brastemp Frost Free 573L - Ative! Inverse Maxi BRE80ABANA Branco,Geladeira/Refrigerador Frost Free," 4.990,00",010068301
Panasonic,BB53,Geladeira/Refrigerador Panasonic Frost free  - Inverser 425L BB53,Geladeira/Refrigerador Frost Free," 4.599,90",013084400
Brastemp,BRM59AB,Geladeira/Refrigerador Brastemp Frost Free Duplex  - 478L BRM59AB Branco,Geladeira/Refrigerador Frost Free," 4.599,90",218179200
Consul,CRM55AK,Geladeira/Refrigerador Consul Frost Free Evox - Duplex 437L Bem-Estar CRM55AKANA,Geladeira/Refrigerador," 3.490,00",013020200
Brastemp,BRA08BZANA,Frigobar Brastemp 76L Azul - Retrô,Frigobar," 1.599,00",217203800
Samsung,Twin Cooling Plus RT6000K,Geladeira/Refrigerador Samsung Frost Free Duplex - 453L Twin Cooling Plus RT6000K Branco,Geladeira/Refrigerador Frost Free," 4.299,00",216506500
Electrolux,TF51,Geladeira/Refrigerador Electrolux Frost Free - Duplex 433L TF51 Branco,Geladeira/Refrigerador," 2.699,00",013015401
Brastemp,BRM54HK,Geladeira/Refrigerador Brastemp Frost Free Evox - Duplex 400L BRM54HKBNA,Geladeira/Refrigerador," 3.999,00",013081900
Consul,CRM52A,Geladeira/Refrigerador Consul Frost Free Duplex - 405L Bem Estar Painel Touch CRM52ABBNA Branco,Geladeira/Refrigerador Frost Free," 2.390,00",084232400
Consul,CRD49AB,Geladeira/Refrigerador Consul Cycle Defrost Duplex - 450L CRD49ABBNA Branco,Geladeira/Refrigerador," 2.799,00",210458200
Electrolux,DB53X,Geladeira/Refrigerador Electrolux Frost Free Inox  - Bottom Freezer 454L Painel Blue Touch DB53X,Geladeira/ Refrigerador Inox," 4.999,00",013080500
Consul,CRM51AK,Geladeira/Refrigerador Consul Frost Free Evox - Duplex 405L CRM51AKANA,Geladeira/Refrigerador," 2.499,00",088879600
Electrolux,DC49A,Geladeira/Refrigerador Electrolux Cycle Defrost - Duplex 462L DC49A11006 Branco,Geladeira/Refrigerador," 2.199,00",010059001
Electrolux,DF54X,Geladeira/Refrigerador Electrolux Frost Free Inox - Duplex 459L Painel Blue Touch DF54X,Geladeira/ Refrigerador Inox," 3.999,00",013083500
Brastemp,Inverse Maxi,Geladeira Brastemp Frost Free Evox - 573L Ative! Inverse Maxi BRE80AKBNA,Geladeira/Refrigerador," 4.659,00",013021300
Brastemp,BRA08A,Frigobar Brastemp 76L Vermelho - Retrô BRA08A,Frigobar," 1.249,00",200161304
Brastemp,BZA08,Frigobar Brastemp 76L Preto  - com Porta de Vidro BZA08,Frigobar," 1.699,00",010009400
Electrolux,DC51X,Geladeira/Refrigerador Electrolux Cycle Defrost - Duplex 475L Inox Multi Flow System DC51X,Geladeira/Refrigerador," 2.999,00",216298600
Electrolux,DF54,Geladeira/Refrigerador Electrolux Frost Free  - Duplex 459L Painel Blue Touch DF54 Branco,Geladeira/Refrigerador Frost Free," 2.899,00",013083201
Electrolux,DF82X,Geladeira/Refrigerador Electrolux Inox Frost Free  - Duplex 553L Painel Blue Touch DF82X,Geladeira/ Refrigerador Inox," 4.299,00",218972300
Electrolux,TF51X,Geladeira/Refrigerador Electrolux Frost Free Inox - Duplex 433L Painel Blue Touch TF51X,Geladeira/ Refrigerador Inox," 2.999,00",013000300
Electrolux,DF53X,Geladeira/Refrigerador Electrolux Frost Free Inox  - Duplex 427L Painel Touch DF53X,Geladeira/ Refrigerador Inox," 4.499,90",219058000
Brastemp,BRE58AK,Geladeira/Refrigerador Brastemp Frost Free Inverse - 478L BRE58AK Evox,Geladeira/Refrigerador Frost Free," 5.999,90",218179600
Electrolux,DF53,Geladeira/Refrigerador Electrolux Frost Free - Duplex 427L Painel Touch DF53 Branco,Geladeira/Refrigerador Frost Free," 3.299,90",219057900
Samsung,RF62HERS1/BZ,Geladeira/Refrigerador Samsung Inox French Door - 441L RF62HERS1/BZ,Geladeira/ Refrigerador Inox," 7.999,00",218038000
Consul,CRM52AK,Geladeira/Refrigerador Consul Frost Free Evox - Duplex 405L Bem Estar Painel Touch CRM52AKANA,Geladeira/Refrigerador," 2.699,00",084232500
Electrolux,DF82,Geladeira/Refrigerador Electrolux Frost Free - Duplex 553L Infinity Frost Painel Touch DF82,Geladeira/Refrigerador Frost Free," 4.299,00",013083601
Brastemp,BRE59AB,Geladeira/Refrigerador Brastemp Frost Free Inverse - 460L BRE59AB Branco,Geladeira/Refrigerador Frost Free," 4.999,90",218179800
Consul,CRC28FB,Geladeira/Refrigerador Consul 239L  - CRD49AKBNA Platinum,Geladeira/Refrigerador," 1.299,00",010061201
Midea,MRC06B1,Frigobar Midea 45L Branco  - MRC06B1,Frigobar," 1.099,00",219025300
Brastemp,BRE58AB,Geladeira/Refrigerador Brastemp Frost Free Inverse - 478L BRE58AB Branco,Geladeira/Refrigerador Frost Free," 5.999,90",218179400
Samsung,RF28HM,Geladeira/Refrigerador Samsung Frost Free Inox - French Door 606L RF28HMEDBSR/BZ,Geladeira/ Refrigerador Inox," 14.999,00",218835400
Samsung,Food ShowCase,Geladeira/Refrigerador Samsung Inox Side by Side - 765L Dispenser de Água Food ShowCase H77H90507H/AZ,Geladeira/ Refrigerador Inox," 17.999,00",213445600
Electrolux,DB84,Geladeira/Refrigerador Electrolux Frost Free - 598L DB84 Branco,Geladeira/Refrigerador Frost Free," 7.999,00",219057300
Electrolux,DB84X,Geladeira/Refrigerador Electrolux Frost Free Inox - 598L DB84X,Geladeira/ Refrigerador Inox," 6.499,90",219057500
Midea,MRC12B2,Frigobar Midea 124L Branco - MRC12B2,Frigobar," 1.299,90",219025800
Brastemp,BRM59,Geladeira/Refrigerador Brastemp Frost Free Duplex - 478L Painel Touch BRM59AKANA Evox,Geladeira/Refrigerador Frost Free," 5.499,00",013083100
Brastemp,BRE59AK,Geladeira/Refrigerador Brastemp Frost Free Evox - Duplex Inverse 460L Painel Touch BRE59AK,Geladeira/Refrigerador," 5.199,00",013082500
Electrolux,DB53,Geladeira/Refrigerador Electrolux Frost Free   - Bottom Freezer 454L Painel Blue Touch DB53 Branca,Geladeira/Refrigerador Frost Free," 3.699,00",013080201
Brastemp,BRO80,"Geladeira/Refrigerador Brastemp Frost Free 540,6L - Ative! BRO80AB Branco",Geladeira/Refrigerador Frost Free," 5.190,00",084246500
Brastemp,BRN80,Geladeira/Refrigerador Brastemp Frost Free Evox - Inverse 540L Ative! Painel Touch BRN80AKANA,Geladeira/Refrigerador," 7.599,00",084267800
Consul,CRC12,Frigobar Consul 117L Branco - CRC12,Frigobar," 999,00",013020601
Brastemp,BRM44HBANA,Geladeira/Refrigerador Brastemp Frost Free Duplex - Branca 374L BRM44HBANA,Geladeira/Refrigerador Frost Free," 2.299,00",013085501
Samsung,RH58K,Geladeira/Refrigerador Samsung Frost free  - 575L Food ShowCase Dispenser de Água RH58K,Geladeira/Refrigerador Frost Free," 12.999,00",218835500
LG,New Lancaster,Geladeira/Refrigerador LG Frost Free Side by Side - 601L Painel Touch New Lancaster GS65SDN1,Geladeira/Refrigerador Frost Free," 12.999,00",219007100
Brastemp,BRM44HKANA,Geladeira/Refrigerador Brastemp Frost Free Duplex - 374L BRM44HKANA,Geladeira/Refrigerador Duplex (2 Portas)," 2.559,00",013085700
Electrolux,DW54X,Geladeira/Refrigerador Electrolux Frost Free Inox - Duplex 456L  DW54X,Geladeira/ Refrigerador Inox," 3.799,90",219057700
Brastemp,Inverse Maxi,Geladeira/Refrigerador Brastemp Frost Free Evox - Inverse 565L Maxi BRV80AKBNA,Geladeira/Refrigerador," 5.739,00",215800100
Samsung,RF23HCEDBSR/AZ,Geladeira/Refrigerador Samsung Frost Free Inox - French Door 536L Dispenser de Água RF23HCEDBSR/AZ,Geladeira/ Refrigerador Inox," 12.499,00",218037600
Brastemp,BRM58AK,Geladeira/Refrigerador Brastemp Frost Free Duplex  - 500L BRM58AK Evox,Geladeira/Refrigerador Frost Free," 4.599,90",218179000
Brastemp,BRA08BYANA,Frigobar Brastemp 76L Amarelo - Retrô,Frigobar," 1.299,00",217111600
Panasonic,CB74,Geladeira/Refrigerador Panasonic Frost Free 592L - Dispenser de Água NR-CB74PV1XB Aço Escovado,Geladeira/Refrigerador Frost Free," 11.999,00",219126600
Brastemp,BRS75,Geladeira/Refrigerador Brastemp Inox Side by Side - 539L c/ Dispenser de Água Gourmand BRS75,Geladeira/Refrigerador," 14.299,00",216938600
Electrolux,DB52X,Geladeira Electrolux Frost Free Inox - 454L Painel Touch DB52X11089,Geladeira/ Refrigerador Inox," 4.500,00",013072000
Brastemp,BRS62CR,Geladeira/Refrigerador Brastemp Frost Free Inox - Side by Side 560L Dispenser de Água BRS62CR,Geladeira/ Refrigerador Inox," 10.999,00",010088600
Electrolux,IF53,Geladeira/Refrigerador Electrolux Frost Free - Inverter Duplex 427L Painel Touch IF53 Branco,Geladeira/Refrigerador Frost Free," 4.999,00",219056900
Electrolux,DT52X,Geladeira/Refrigerador Electrolux Frost Free Inox - 454L Painel Touch DT52X,Geladeira/ Refrigerador Inox," 6.599,00",201992900
Electrolux,IF53X,Geladeira/Refrigerador Electrolux Frost Free Inox  - Inverter Duplex 427L Painel Touch IF53X,Geladeira/ Refrigerador Inox," 4.999,90",219057100
LG,GC-B59BSB (1),Geladeira/Refrigerador LG Frost Free Bottom  - Freezer Universe 445L GC-B59BSB (1) Aço Escovado,Geladeira/Refrigerador Frost Free," 7.999,00",219007300
LG,GC-X247CSAV1,Geladeira/Refrigerador LG Degelo Automático Inox - Side by Side 601L New Lancaster GCX247CSA1ANSGSBS,Geladeira/ Refrigerador Inox," 16.999,00",220524000
Electrolux,64641425,Lâmpada para Refrigerador 127V 15W - Electrolux 64641425,Acessórios para geladeira/ refrigerador," 15,90",084257700
Electrolux,40396401,Filtro de Água Interno para Refrigerador 40396401 - Side By Side - Electrolux,Acessórios para geladeira/ refrigerador," 309,00",084255900
Electrolux,69999943,Filtro Cartucho para Refrigerador - Electrolux 69999943,Acessórios para geladeira/ refrigerador," 69,90",084256100
Samsung,RT6000K,Geladeira/Refrigerador Samsung Frost Free Inox - Duplex 453L 5-em-1 Twin Cooling Plus RT6000K,Geladeira/ Refrigerador Inox," 3.699,00",013085400
Panasonic,NR-BT49PV2XA,Geladeira/Refrigerador Panasonic Frost Free Duplex - 435L re Generation NR-BT49PV2XA Aço escovado,Geladeira/Refrigerador Frost Free," 2.999,00",212875700
Panasonic,BB53,Geladeira/Refrigerador Panasonic Frost free   - Inverse 425L BB53,Geladeira/Refrigerador Frost Free," 4.599,90",013084101
Brastemp,BRA08A,Frigobar Brastemp 76L Vermelho - Retrô BRA08A,Frigobar," 1.249,00",200161304
